4368.921475875119,14384,1.7980548722800378,1
4312.6697592089595,14240,1.7800543229468673,3
4375.171666615803,14384,1.7980548722800378,6
4318.919949949644,14240,1.7800543229468673,8
4381.421857356487,14432,1.8020549943540758,13
4368.921475875119,14384,1.796054811243019,16
4312.6697592089595,14240,1.7800543229468673,18
4381.421857356487,14416,1.8020549943540758,20
4368.921475875119,14384,1.7980548722800378,23
4368.921475875119,14384,1.7980548722800378,29
4312.6697592089595,14240,1.7820543839838863,31
4375.171666615803,14400,1.7980548722800378,33
4368.921475875119,14384,1.8000549333170568,36
4306.419568468275,14240,1.7780542619098483,38
4368.921475875119,14384,1.7980548722800378,44
4312.6697592089595,14240,1.7780542619098483,46
4312.6697592089595,14240,1.7800543229468673,48
4368.921475875119,14400,1.8020549943540758,51
4312.6697592089595,14240,1.7800543229468673,53
4375.171666615803,14384,1.7980548722800378,55
4312.6697592089595,14240,1.7780542619098483,61
4312.6697592089595,14256,1.7800543229468673,63
4368.921475875119,14384,1.7980548722800378,65
450.05188146610953,4352,0.542016541032136,71
556.3051240577408,4608,0.5760175786614582,73
531.3043610950043,4592,0.5700173955504014,76
425.0511185033723,4272,0.5340162968840602,78
556.3051240577408,4608,0.5780176396984771,80
518.8039796136359,4544,0.5660172734763634,83
568.8055055391093,4256,0.584017822809534,85
412.55073702200383,4256,0.5320162358470413,88
406.30054628131944,4256,0.5320162358470413,90
518.8039796136359,4528,0.5660172734763634,92
412.55073702200383,4240,0.5300161748100223,95
525.0541703543203,4528,0.5680173345133824,97
518.8039796136359,4528,0.5680173345133824,99
412.55073702200383,4256,0.5300161748100223,102
518.8039796136359,4544,0.5660172734763634,104
518.8039796136359,4528,0.5660172734763634,106
406.30054628131944,4256,0.5320162358470413,109
518.8039796136359,4528,0.5660172734763634,114
518.8039796136359,4528,0.5660172734763634,117
406.30054628131944,4256,0.5320162358470413,119
525.0541703543203,4544,0.5680173345133824,121
518.8039796136359,4528,0.5660172734763634,123
412.55073702200383,4256,0.5320162358470413,126
412.55073702200383,4256,0.5320162358470413,128
518.8039796136359,4528,0.5640172124393446,130
406.30054628131944,4256,0.5320162358470413,132
406.30054628131944,4240,0.5300161748100223,135
543.8047425763727,4608,0.5760175786614582,137
518.8039796136359,4512,0.5660172734763634,139
412.55073702200383,4240,0.5320162358470413,145
518.8039796136359,4528,0.5640172124393446,147
406.30054628131944,4256,0.5320162358470413,149
406.30054628131944,4256,0.5320162358470413,155
412.55073702200383,4240,0.5300161748100223,157
562.5553147984252,4640,0.5780176396984771,160
525.0541703543203,4528,0.5660172734763634,162
412.55073702200383,4240,0.5280161137730034,165
518.8039796136359,4528,0.5660172734763634,167
518.8039796136359,4512,0.5640172124393446,169
562.5553147984252,4640,0.5780176396984771,172
512.5537888729518,4512,0.5660172734763634,174
406.30054628131944,4240,0.5320162358470413,176
406.30054628131944,4240,0.5300161748100223,179
518.8039796136359,4528,0.5640172124393446,181
412.55073702200383,4240,0.5300161748100223,183
406.30054628131944,4240,0.5320162358470413,186
518.8039796136359,4512,0.5640172124393446,188
412.55073702200383,4272,0.5340162968840602,190
412.55073702200383,4256,0.5320162358470413,193
518.8039796136359,4528,0.5660172734763634,195
412.55073702200383,4256,0.5320162358470413,197
406.30054628131944,4240,0.5320162358470413,200
518.8039796136359,4528,0.5660172734763634,202
400.05035554063573,4240,0.5300161748100223,204
406.30054628131944,4240,0.5300161748100223,207
512.5537888729518,4496,0.5640172124393446,209
406.30054628131944,4240,0.5320162358470413,211
406.30054628131944,4224,0.5280161137730034,213
518.8039796136359,4496,0.5660172734763634,216
406.30054628131944,4240,0.5300161748100223,218
406.30054628131944,4240,0.5300161748100223,220
506.3035981322674,4512,0.5640172124393446,223
406.30054628131944,4240,0.5300161748100223,225
525.0541703543203,4544,0.5680173345133824,228
506.3035981322674,4496,0.5620171514023256,230
506.3035981322674,4512,0.5640172124393446,236
406.30054628131944,4240,0.5300161748100223,238
406.30054628131944,4240,0.5300161748100223,241
506.3035981322674,4496,0.5620171514023256,243
406.30054628131944,4240,0.5300161748100223,245
400.05035554063573,4224,0.5300161748100223,248
506.3035981322674,4496,0.5620171514023256,251
400.05035554063573,4240,0.5300161748100223,253
512.5537888729518,4528,0.5660172734763634,255
506.3035981322674,4496,0.5620171514023256,258
400.05035554063573,4224,0.5280161137730034,260
518.8039796136359,4512,0.5660172734763634,262
506.3035981322674,4496,0.5620171514023256,265
406.30054628131944,4240,0.5280161137730034,267
506.3035981322674,4512,0.5620171514023256,270
406.30054628131944,4240,0.5300161748100223,272
406.30054628131944,4240,0.5280161137730034,274
506.3035981322674,4496,0.5620171514023256,277
400.05035554063573,4224,0.5280161137730034,279
506.3035981322674,4496,0.5620171514023256,282
406.30054628131944,4224,0.5300161748100223,284
506.3035981322674,4512,0.5620171514023256,286
400.05035554063573,4224,0.5280161137730034,289
531.3043610950043,4560,0.5700173955504014,291
512.5537888729518,4496,0.5600170903653066,294
543.8047425763727,4592,0.5720174565874203,296
400.05035554063573,4240,0.5280161137730034,299
400.05035554063573,4240,0.5280161137730034,301
543.8047425763727,4608,0.5740175176244393,303
506.3035981322674,4496,0.5620171514023256,305
393.80016479995135,4224,0.5280161137730034,308
537.5545518356884,4576,0.5740175176244393,310
506.3035981322674,4496,0.5600170903653066,312
406.30054628131944,4224,0.5280161137730034,315
556.3051240577408,4608,0.5760175786614582,317
512.5537888729518,4512,0.5640172124393446,319
400.05035554063573,4224,0.5280161137730034,322
512.5537888729518,4496,0.5620171514023256,324
400.05035554063573,4224,0.5280161137730034,327
400.05035554063573,4224,0.5280161137730034,329
512.5537888729518,4512,0.5640172124393446,331
506.3035981322674,4496,0.5620171514023256,333
537.5545518356884,4576,0.5720174565874203,336
506.3035981322674,4496,0.5620171514023256,338
393.80016479995135,4208,0.5280161137730034,341
531.3043610950043,4544,0.5700173955504014,343
506.3035981322674,4496,0.5620171514023256,345
400.05035554063573,4240,0.5280161137730034,348
400.05035554063573,4224,0.5280161137730034,350
400.05035554063573,4240,0.5300161748100223,353
506.3035981322674,4496,0.5640172124393446,355
400.05035554063573,4224,0.5280161137730034,358
406.30054628131944,4224,0.5300161748100223,361
537.5545518356884,4576,0.5700173955504014,363
506.3035981322674,4496,0.5620171514023256,365
400.05035554063573,4224,0.5280161137730034,368
556.3051240577408,4624,0.5780176396984771,370
506.3035981322674,4512,0.5620171514023256,372
400.05035554063573,4208,0.5280161137730034,374
406.30054628131944,4224,0.5280161137730034,377
512.5537888729518,4496,0.5620171514023256,379
406.30054628131944,4224,0.5300161748100223,382
506.3035981322674,4496,0.5620171514023256,384
506.3035981322674,4512,0.5620171514023256,386
400.05035554063573,4224,0.5280161137730034,388
406.30054628131944,4240,0.5300161748100223,391
506.3035981322674,4512,0.5640172124393446,393
506.3035981322674,4496,0.5620171514023256,395
406.30054628131944,4224,0.5300161748100223,398
512.5537888729518,4512,0.5640172124393446,400
393.80016479995135,4224,0.5280161137730034,402
400.05035554063573,4224,0.5280161137730034,405
512.5537888729518,4512,0.5660172734763634,407
512.5537888729518,4512,0.5620171514023256,409
406.30054628131944,4240,0.5280161137730034,411
512.5537888729518,4512,0.5640172124393446,414
406.30054628131944,4240,0.5300161748100223,416
406.30054628131944,4240,0.5300161748100223,419
512.5537888729518,4512,0.5620171514023256,421
406.30054628131944,4240,0.5300161748100223,423
406.30054628131944,4240,0.5280161137730034,425
506.3035981322674,4512,0.5620171514023256,428
400.05035554063573,4208,0.5280161137730034,430
518.8039796136359,4528,0.5660172734763634,433
506.3035981322674,4496,0.5620171514023256,435
406.30054628131944,4224,0.5300161748100223,437
518.8039796136359,4528,0.5680173345133824,440
400.05035554063573,4224,0.5280161137730034,442
400.05035554063573,4224,0.5280161137730034,444
506.3035981322674,4512,0.5640172124393446,447
406.30054628131944,4240,0.5300161748100223,449
393.80016479995135,4224,0.5280161137730034,451
537.5545518356884,4576,0.5720174565874203,453
406.30054628131944,4224,0.5280161137730034,459
512.5537888729518,4528,0.5680173345133824,462
406.30054628131944,4240,0.5300161748100223,464
406.30054628131944,4240,0.5300161748100223,466
518.8039796136359,4528,0.5660172734763634,468
506.3035981322674,4496,0.5620171514023256,471
400.05035554063573,4224,0.5280161137730034,473
506.3035981322674,4496,0.5620171514023256,476
400.05035554063573,4224,0.5280161137730034,478
531.3043610950043,4544,0.5700173955504014,480
506.3035981322674,4496,0.5640172124393446,483
400.05035554063573,4240,0.5300161748100223,485
400.05035554063573,4224,0.5280161137730034,488
400.05035554063573,4224,0.5280161137730034,490
512.5537888729518,4528,0.5640172124393446,492
512.5537888729518,4512,0.5640172124393446,495
406.30054628131944,4240,0.5300161748100223,497
525.0541703543203,4544,0.5680173345133824,499
506.3035981322674,4496,0.5620171514023256,502
400.05035554063573,4240,0.5300161748100223,504
406.30054628131944,4240,0.5300161748100223,506
512.5537888729518,4496,0.5620171514023256,509
406.30054628131944,4240,0.5300161748100223,511
543.8047425763727,4608,0.5740175176244393,513
506.3035981322674,4496,0.5620171514023256,515
400.05035554063573,4240,0.5300161748100223,518
512.5537888729518,4528,0.5640172124393446,520
506.3035981322674,4496,0.5620171514023256,523
406.30054628131944,4256,0.5300161748100223,525
556.3051240577408,4624,0.5780176396984771,527
506.3035981322674,4512,0.5640172124393446,530
406.30054628131944,4240,0.5300161748100223,532
518.8039796136359,4528,0.5660172734763634,534
512.5537888729518,4496,0.5620171514023256,537
406.30054628131944,4224,0.5300161748100223,539
525.0541703543203,4544,0.5660172734763634,541
506.3035981322674,4512,0.5640172124393446,544
406.30054628131944,4240,0.5300161748100223,546
512.5537888729518,4512,0.5640172124393446,548
506.3035981322674,4496,0.5620171514023256,550
412.55073702200383,4240,0.5300161748100223,553
543.8047425763727,4592,0.5740175176244393,555
518.8039796136359,4528,0.5660172734763634,557
406.30054628131944,4240,0.5300161748100223,560
525.0541703543203,4544,0.5660172734763634,562
512.5537888729518,4496,0.5620171514023256,564
406.30054628131944,4240,0.5300161748100223,567
406.30054628131944,4240,0.5300161748100223,569
512.5537888729518,4512,0.5620171514023256,571
406.30054628131944,4240,0.5280161137730034,574
406.30054628131944,4240,0.5280161137730034,576
506.3035981322674,4496,0.5620171514023256,578
406.30054628131944,4240,0.5300161748100223,581
406.30054628131944,4240,0.5300161748100223,583
525.0541703543203,4544,0.5680173345133824,585
512.5537888729518,4512,0.5640172124393446,587
406.30054628131944,4224,0.5300161748100223,590
512.5537888729518,4512,0.5640172124393446,592
406.30054628131944,4240,0.5300161748100223,594
512.5537888729518,4528,0.5640172124393446,600
506.3035981322674,4496,0.5620171514023256,602
406.30054628131944,4240,0.5280161137730034,604
550.0549333170568,4608,0.5740175176244393,607
518.8039796136359,4512,0.5640172124393446,609
400.05035554063573,4240,0.5280161137730034,611
406.30054628131944,4240,0.5300161748100223,614
506.3035981322674,4496,0.5640172124393446,616
400.05035554063573,4240,0.5280161137730034,618
393.80016479995135,4240,0.5300161748100223,621
518.8039796136359,4528,0.5680173345133824,623
406.30054628131944,4240,0.5320162358470413,625
406.30054628131944,4240,0.5280161137730034,628
512.5537888729518,4512,0.5620171514023256,630
506.3035981322674,4512,0.5640172124393446,632
406.30054628131944,4240,0.5280161137730034,635
512.5537888729518,4512,0.5620171514023256,637
400.05035554063573,4224,0.5300161748100223,639
531.3043610950043,4576,0.5720174565874203,642
400.05035554063573,4240,0.5300161748100223,644
406.30054628131944,4240,0.5300161748100223,646
406.30054628131944,4224,0.5300161748100223,649
512.5537888729518,4512,0.5620171514023256,651
400.05035554063573,4240,0.5300161748100223,653
518.8039796136359,4528,0.5660172734763634,656
506.3035981322674,4496,0.5620171514023256,658
400.05035554063573,4224,0.5300161748100223,661
406.30054628131944,4240,0.5300161748100223,663
525.0541703543203,4560,0.5700173955504014,666
506.3035981322674,4496,0.5620171514023256,668
400.05035554063573,4240,0.5280161137730034,670
512.5537888729518,4512,0.5640172124393446,673
406.30054628131944,4240,0.5300161748100223,675
406.30054628131944,4256,0.5300161748100223,677
518.8039796136359,4544,0.5660172734763634,680
512.5537888729518,4512,0.5640172124393446,682
400.05035554063573,4224,0.5300161748100223,684
518.8039796136359,4528,0.5660172734763634,690
412.55073702200383,4256,0.5340162968840602,692
406.30054628131944,4240,0.5300161748100223,694
506.3035981322674,4496,0.5640172124393446,697
406.30054628131944,4240,0.5300161748100223,699
543.8047425763727,4592,0.5740175176244393,701
512.5537888729518,4512,0.5640172124393446,704
512.5537888729518,4512,0.5640172124393446,706
406.30054628131944,4240,0.5300161748100223,708
518.8039796136359,4528,0.5640172124393446,711
406.30054628131944,4240,0.5280161137730034,713
406.30054628131944,4224,0.5280161137730034,716
412.55073702200383,4256,0.5300161748100223,718
512.5537888729518,4512,0.5640172124393446,721
406.30054628131944,4240,0.5300161748100223,723
406.30054628131944,4240,0.5300161748100223,725
518.8039796136359,4528,0.5660172734763634,727
406.30054628131944,4240,0.5300161748100223,733
406.30054628131944,4240,0.5300161748100223,735
518.8039796136359,4528,0.5660172734763634,737
512.5537888729518,4512,0.5640172124393446,740
406.30054628131944,4240,0.5300161748100223,746
400.05035554063573,4224,0.5280161137730034,751
400.05035554063573,4224,0.5280161137730034,753
506.3035981322674,4496,0.5620171514023256,755
412.55073702200383,4240,0.5300161748100223,758
512.5537888729518,4528,0.5640172124393446,760
406.30054628131944,4240,0.5300161748100223,763
550.0549333170568,4624,0.5760175786614582,765
512.5537888729518,4512,0.5640172124393446,767
406.30054628131944,4240,0.5300161748100223,770
400.05035554063573,4224,0.5300161748100223,772
512.5537888729518,4528,0.5640172124393446,777
512.5537888729518,4512,0.5640172124393446,780
406.30054628131944,4240,0.5300161748100223,782
537.5545518356884,4592,0.5720174565874203,784
406.30054628131944,4240,0.5300161748100223,787
400.05035554063573,4224,0.5300161748100223,789
512.5537888729518,4512,0.5640172124393446,791
406.30054628131944,4240,0.5300161748100223,794
550.0549333170568,4608,0.5760175786614582,796
512.5537888729518,4512,0.5640172124393446,798
400.05035554063573,4240,0.5300161748100223,801
406.30054628131944,4240,0.5300161748100223,803
506.3035981322674,4496,0.5640172124393446,805
406.30054628131944,4240,0.5300161748100223,808
531.3043610950043,4560,0.5700173955504014,810
512.5537888729518,4512,0.5640172124393446,812
406.30054628131944,4240,0.5300161748100223,815
518.8039796136359,4512,0.5640172124393446,817
406.30054628131944,4240,0.5300161748100223,820
406.30054628131944,4240,0.5300161748100223,822
512.5537888729518,4512,0.5640172124393446,824
406.30054628131944,4240,0.5300161748100223,827
406.30054628131944,4240,0.5300161748100223,829
512.5537888729518,4528,0.5640172124393446,831
412.55073702200383,4240,0.5300161748100223,834
406.30054628131944,4240,0.5300161748100223,836
512.5537888729518,4512,0.5640172124393446,838
506.3035981322674,4480,0.5620171514023256,840
400.05035554063573,4240,0.5300161748100223,843
556.3051240577408,4624,0.5780176396984771,845
506.3035981322674,4496,0.5620171514023256,847
406.30054628131944,4240,0.5280161137730034,850
550.0549333170568,4608,0.5780176396984771,852
506.3035981322674,4512,0.5640172124393446,854
400.05035554063573,4240,0.5300161748100223,856
406.30054628131944,4240,0.5300161748100223,859
506.3035981322674,4496,0.5640172124393446,861
400.05035554063573,4240,0.5300161748100223,863
525.0541703543203,4560,0.5680173345133824,866
406.30054628131944,4240,0.5300161748100223,868
406.30054628131944,4240,0.5300161748100223,871
512.5537888729518,4512,0.5660172734763634,873
506.3035981322674,4496,0.5620171514023256,875
406.30054628131944,4240,0.5300161748100223,877
518.8039796136359,4528,0.5680173345133824,880
406.30054628131944,4240,0.5300161748100223,882
406.30054628131944,4240,0.5300161748100223,884
525.0541703543203,4544,0.5680173345133824,887
512.5537888729518,4512,0.5640172124393446,889
406.30054628131944,4256,0.5320162358470413,891
518.8039796136359,4528,0.5660172734763634,894
406.30054628131944,4240,0.5300161748100223,896
406.30054628131944,4240,0.5300161748100223,898
525.0541703543203,4544,0.5680173345133824,901
512.5537888729518,4512,0.5640172124393446,903
400.05035554063573,4224,0.5280161137730034,905
525.0541703543203,4560,0.5680173345133824,908
406.30054628131944,4240,0.5300161748100223,910
406.30054628131944,4240,0.5300161748100223,912
531.3043610950043,4560,0.5700173955504014,915
506.3035981322674,4496,0.5620171514023256,917
406.30054628131944,4224,0.5300161748100223,919
512.5537888729518,4512,0.5640172124393446,922
406.30054628131944,4240,0.5300161748100223,924
537.5545518356884,4592,0.5720174565874203,927
506.3035981322674,4496,0.5640172124393446,929
406.30054628131944,4240,0.5300161748100223,931
550.0549333170568,4608,0.5780176396984771,933
406.30054628131944,4240,0.5300161748100223,939
518.8039796136359,4512,0.5660172734763634,942
400.05035554063573,4240,0.5280161137730034,944
406.30054628131944,4224,0.5280161137730034,946
506.3035981322674,4496,0.5620171514023256,949
406.30054628131944,4240,0.5300161748100223,951
506.3035981322674,4512,0.5620171514023256,957
406.30054628131944,4240,0.5320162358470413,959
400.05035554063573,4240,0.5300161748100223,961
512.5537888729518,4512,0.5640172124393446,964
406.30054628131944,4240,0.5300161748100223,966
525.0541703543203,4544,0.5660172734763634,968
506.3035981322674,4496,0.5620171514023256,971
406.30054628131944,4240,0.5300161748100223,973
518.8039796136359,4528,0.5660172734763634,975
512.5537888729518,4512,0.5640172124393446,978
406.30054628131944,4256,0.5300161748100223,980
512.5537888729518,4512,0.5640172124393446,982
400.05035554063573,4240,0.5300161748100223,988
556.3051240577408,4240,0.5720174565874203,990
512.5537888729518,4512,0.5640172124393446,993
400.05035554063573,4224,0.5280161137730034,995
512.5537888729518,4512,0.5640172124393446,997
406.30054628131944,4240,0.5280161137730034,1000
543.8047425763727,4592,0.5740175176244393,1002
512.5537888729518,4512,0.5640172124393446,1004
406.30054628131944,4240,0.5300161748100223,1007
406.30054628131944,4240,0.5300161748100223,1009
506.3035981322674,4496,0.5620171514023256,1012
406.30054628131944,4224,0.5280161137730034,1014
512.5537888729518,4512,0.5640172124393446,1016
406.30054628131944,4240,0.5300161748100223,1019
550.0549333170568,4608,0.5740175176244393,1021
400.05035554063573,4240,0.5280161137730034,1024
531.3043610950043,4576,0.5700173955504014,1026
406.30054628131944,4240,0.5300161748100223,1029
531.3043610950043,4576,0.5700173955504014,1034
512.5537888729518,4512,0.5640172124393446,1036
412.55073702200383,4240,0.5300161748100223,1039
518.8039796136359,4528,0.5640172124393446,1044
406.30054628131944,4240,0.5300161748100223,1047
512.5537888729518,4496,0.5640172124393446,1049
512.5537888729518,4512,0.5640172124393446,1051
406.30054628131944,4240,0.5300161748100223,1054
400.05035554063573,4240,0.5280161137730034,1060
525.0541703543203,4544,0.5680173345133824,1062
512.5537888729518,4512,0.5640172124393446,1064
406.30054628131944,4240,0.5300161748100223,1067
406.30054628131944,4224,0.5300161748100223,1069
506.3035981322674,4512,0.5620171514023256,1071
406.30054628131944,4240,0.5300161748100223,1077
512.5537888729518,4512,0.5640172124393446,1079
406.30054628131944,4240,0.5280161137730034,1081
406.30054628131944,4240,0.5300161748100223,1084
512.5537888729518,4512,0.5640172124393446,1086
400.05035554063573,4240,0.5280161137730034,1089
512.5537888729518,4512,0.5640172124393446,1091
406.30054628131944,4240,0.5300161748100223,1093
406.30054628131944,4240,0.5280161137730034,1097
406.30054628131944,4240,0.5280161137730034,1099
506.3035981322674,4496,0.5620171514023256,1105
406.30054628131944,4240,0.5300161748100223,1111
506.3035981322674,4496,0.5620171514023256,1113
400.05035554063573,4224,0.5300161748100223,1115
537.5545518356884,4592,0.5720174565874203,1118
406.30054628131944,4240,0.5300161748100223,1120
525.0541703543203,4544,0.5680173345133824,1123
512.5537888729518,4512,0.5640172124393446,1125
406.30054628131944,4256,0.5300161748100223,1128
512.5537888729518,4528,0.5640172124393446,1130
406.30054628131944,4240,0.5300161748100223,1132
512.5537888729518,4512,0.5640172124393446,1135
406.30054628131944,4240,0.5300161748100223,1137
512.5537888729518,4512,0.5640172124393446,1140
406.30054628131944,4240,0.5300161748100223,1142
518.8039796136359,4544,0.5660172734763634,1145
518.8039796136359,4528,0.5680173345133824,1151
506.3035981322674,4512,0.5640172124393446,1153
406.30054628131944,4224,0.5300161748100223,1155
512.5537888729518,4496,0.5640172124393446,1158
412.55073702200383,4240,0.5320162358470413,1160
406.30054628131944,4240,0.5300161748100223,1162
512.5537888729518,4512,0.5640172124393446,1165
406.30054628131944,4240,0.5300161748100223,1170
512.5537888729518,4512,0.5640172124393446,1173
406.30054628131944,4240,0.5300161748100223,1175
406.30054628131944,4240,0.5300161748100223,1181
406.30054628131944,4224,0.5280161137730034,1187
406.30054628131944,4240,0.5300161748100223,1189
512.5537888729518,4512,0.5640172124393446,1192
406.30054628131944,4240,0.5300161748100223,1194
400.05035554063573,4240,0.5300161748100223,1196
512.5537888729518,4512,0.5640172124393446,1199
406.30054628131944,4240,0.5300161748100223,1201
406.30054628131944,4240,0.5300161748100223,1204
518.8039796136359,4528,0.5660172734763634,1207
418.8009277626879,4512,0.5640172124393446,1209
406.30054628131944,4240,0.5300161748100223,1211
512.5537888729518,4512,0.5640172124393446,1214
406.30054628131944,4272,0.5320162358470413,1216
406.30054628131944,4240,0.5300161748100223,1218
518.8039796136359,4528,0.5680173345133824,1220
506.3035981322674,4496,0.5640172124393446,1223
406.30054628131944,4240,0.5300161748100223,1225
543.8047425763727,4592,0.5740175176244393,1227
512.5537888729518,4512,0.5640172124393446,1230
406.30054628131944,4240,0.5300161748100223,1232
525.0541703543203,4560,0.5720174565874203,1234
512.5537888729518,4496,0.5640172124393446,1237
406.30054628131944,4240,0.5300161748100223,1239
531.3043610950043,4560,0.5700173955504014,1241
512.5537888729518,4512,0.5640172124393446,1244
406.30054628131944,4256,0.5300161748100223,1246
406.30054628131944,4240,0.5300161748100223,1248
512.5537888729518,4512,0.5640172124393446,1250
406.30054628131944,4240,0.5300161748100223,1253
550.0549333170568,4608,0.5780176396984771,1255
512.5537888729518,4496,0.5620171514023256,1258
400.05035554063573,4224,0.5300161748100223,1260
556.3051240577408,4240,0.5740175176244393,1262
512.5537888729518,4512,0.5640172124393446,1265
406.30054628131944,4240,0.5300161748100223,1267
512.5537888729518,4512,0.5640172124393446,1269
406.30054628131944,4240,0.5300161748100223,1272
406.30054628131944,4240,0.5300161748100223,1274
518.8039796136359,4528,0.5660172734763634,1276
512.5537888729518,4512,0.5640172124393446,1278
412.55073702200383,4256,0.5320162358470413,1281
518.8039796136359,4528,0.5660172734763634,1283
518.8039796136359,4512,0.5640172124393446,1285
406.30054628131944,4240,0.5300161748100223,1288
518.8039796136359,4544,0.5680173345133824,1290
506.3035981322674,4496,0.5620171514023256,1292
406.30054628131944,4240,0.5300161748100223,1295
512.5537888729518,4512,0.5640172124393446,1297
406.30054628131944,4224,0.5280161137730034,1299
406.30054628131944,4240,0.5280161137730034,1302
512.5537888729518,4512,0.5640172124393446,1304
506.3035981322674,4512,0.5640172124393446,1306
406.30054628131944,4240,0.5300161748100223,1309
512.5537888729518,4496,0.5640172124393446,1314
406.30054628131944,4240,0.5300161748100223,1317
531.3043610950043,4560,0.5700173955504014,1319
512.5537888729518,4512,0.5620171514023256,1321
406.30054628131944,4240,0.5300161748100223,1323
406.30054628131944,4240,0.5300161748100223,1326
512.5537888729518,4512,0.5640172124393446,1328
406.30054628131944,4240,0.5300161748100223,1331
512.5537888729518,4512,0.5640172124393446,1333
512.5537888729518,4512,0.5640172124393446,1335
406.30054628131944,4240,0.5300161748100223,1337
406.30054628131944,4240,0.5300161748100223,1341
406.30054628131944,4240,0.5300161748100223,1343
406.30054628131944,4240,0.5300161748100223,1346
512.5537888729518,4512,0.5620171514023256,1348
406.30054628131944,4256,0.5300161748100223,1350
406.30054628131944,4240,0.5300161748100223,1353
512.5537888729518,4512,0.5620171514023256,1355
406.30054628131944,4240,0.5300161748100223,1357
412.55073702200383,4256,0.5320162358470413,1360
518.8039796136359,4544,0.5660172734763634,1362
512.5537888729518,4528,0.5640172124393446,1364
406.30054628131944,4240,0.5320162358470413,1366
525.0541703543203,4560,0.5680173345133824,1369
406.30054628131944,4256,0.5300161748100223,1371
550.0549333170568,4608,0.5740175176244393,1374
512.5537888729518,4512,0.5640172124393446,1376
406.30054628131944,4240,0.5300161748100223,1378
406.30054628131944,4240,0.5300161748100223,1381
518.8039796136359,4528,0.5660172734763634,1383
512.5537888729518,4512,0.5640172124393446,1385
406.30054628131944,4240,0.5300161748100223,1387
518.8039796136359,4528,0.5660172734763634,1390
512.5537888729518,4512,0.5640172124393446,1392
412.55073702200383,4256,0.5320162358470413,1395
406.30054628131944,4240,0.5300161748100223,1397
406.30054628131944,4240,0.5280161137730034,1400
518.8039796136359,4512,0.5660172734763634,1402
406.30054628131944,4240,0.5300161748100223,1407
518.8039796136359,4528,0.5660172734763634,1410
506.3035981322674,4496,0.5620171514023256,1412
412.55073702200383,4240,0.5300161748100223,1414
525.0541703543203,4544,0.5680173345133824,1420
506.3035981322674,4512,0.5640172124393446,1422
406.30054628131944,4240,0.5320162358470413,1424
418.8009277626879,4256,0.5320162358470413,1427
406.30054628131944,4256,0.5300161748100223,1429
406.30054628131944,4240,0.5300161748100223,1431
512.5537888729518,4528,0.5640172124393446,1434
406.30054628131944,4240,0.5300161748100223,1436
406.30054628131944,4240,0.5300161748100223,1438
518.8039796136359,4528,0.5640172124393446,1441
425.0511185033723,4512,0.544016602069155,1443
400.05035554063573,4240,0.5300161748100223,1445
525.0541703543203,4544,0.5680173345133824,1448
512.5537888729518,4512,0.5640172124393446,1451
406.30054628131944,4240,0.5300161748100223,1453
406.30054628131944,4240,0.5300161748100223,1455
512.5537888729518,4512,0.5640172124393446,1458
512.5537888729518,4512,0.5640172124393446,1460
412.55073702200383,4256,0.5320162358470413,1462
518.8039796136359,4528,0.5660172734763634,1464
406.30054628131944,4240,0.5300161748100223,1467
406.30054628131944,4240,0.5300161748100223,1469
512.5537888729518,4496,0.5620171514023256,1472
406.30054628131944,4240,0.5300161748100223,1474
512.5537888729518,4512,0.5640172124393446,1479
506.3035981322674,4512,0.5620171514023256,1482
406.30054628131944,4256,0.5320162358470413,1484
406.30054628131944,4256,0.5320162358470413,1486
525.0541703543203,4544,0.5680173345133824,1488
518.8039796136359,4512,0.5640172124393446,1491
406.30054628131944,4240,0.5300161748100223,1493
406.30054628131944,4240,0.5300161748100223,1495
512.5537888729518,4496,0.5640172124393446,1497
406.30054628131944,4240,0.5280161137730034,1500
406.30054628131944,4240,0.5300161748100223,1502
512.5537888729518,4512,0.5640172124393446,1504
406.30054628131944,4240,0.5300161748100223,1507
406.30054628131944,4240,0.5300161748100223,1509
518.8039796136359,4528,0.5640172124393446,1511
406.30054628131944,4240,0.5300161748100223,1514
406.30054628131944,4240,0.5300161748100223,1516
550.0549333170568,4608,0.5760175786614582,1518
506.3035981322674,4496,0.5620171514023256,1520
406.30054628131944,4240,0.5300161748100223,1523
518.8039796136359,4528,0.5640172124393446,1525
406.30054628131944,4240,0.5300161748100223,1528
406.30054628131944,4240,0.5300161748100223,1530
518.8039796136359,4544,0.5680173345133824,1532
406.30054628131944,4224,0.5300161748100223,1535
406.30054628131944,4224,0.5280161137730034,1537
506.3035981322674,4496,0.5640172124393446,1539
506.3035981322674,4496,0.5620171514023256,1541
412.55073702200383,4256,0.5320162358470413,1544
406.30054628131944,4240,0.5300161748100223,1546
512.5537888729518,4512,0.5640172124393446,1548
406.30054628131944,4240,0.5300161748100223,1551
406.30054628131944,4240,0.5300161748100223,1553
512.5537888729518,4512,0.5620171514023256,1556
512.5537888729518,4512,0.5640172124393446,1558
412.55073702200383,4240,0.5300161748100223,1560
400.05035554063573,4240,0.5280161137730034,1563
556.3051240577408,4608,0.5760175786614582,1565
506.3035981322674,4496,0.5620171514023256,1567
406.30054628131944,4240,0.5300161748100223,1569
531.3043610950043,4560,0.5700173955504014,1572
518.8039796136359,4528,0.5660172734763634,1574
406.30054628131944,4240,0.5300161748100223,1577
412.55073702200383,4256,0.5320162358470413,1580
518.8039796136359,4528,0.5660172734763634,1582
506.3035981322674,4496,0.5620171514023256,1584
406.30054628131944,4240,0.5300161748100223,1587
531.3043610950043,4560,0.5700173955504014,1589
512.5537888729518,4512,0.5640172124393446,1591
400.05035554063573,4224,0.5280161137730034,1593
406.30054628131944,4240,0.5300161748100223,1596
537.5545518356884,4592,0.5740175176244393,1598
512.5537888729518,4512,0.5640172124393446,1600
406.30054628131944,4240,0.5300161748100223,1602
412.55073702200383,4256,0.5320162358470413,1605
512.5537888729518,4512,0.5660172734763634,1607
512.5537888729518,4512,0.5640172124393446,1609
406.30054628131944,4240,0.5300161748100223,1612
512.5537888729518,4512,0.5640172124393446,1614
406.30054628131944,4240,0.5300161748100223,1616
406.30054628131944,4256,0.5300161748100223,1619
525.0541703543203,4544,0.5680173345133824,1621
506.3035981322674,4512,0.5640172124393446,1623
406.30054628131944,4240,0.5300161748100223,1625
525.0541703543203,4560,0.5680173345133824,1628
406.30054628131944,4240,0.5300161748100223,1630
406.30054628131944,4240,0.5300161748100223,1632
518.8039796136359,4544,0.5660172734763634,1635
512.5537888729518,4512,0.5640172124393446,1637
406.30054628131944,4240,0.5300161748100223,1642
512.5537888729518,4512,0.5640172124393446,1645
406.30054628131944,4240,0.5300161748100223,1647
406.30054628131944,4240,0.5300161748100223,1649
406.30054628131944,4240,0.5300161748100223,1652
518.8039796136359,4528,0.5680173345133824,1655
406.30054628131944,4240,0.5280161137730034,1657
406.30054628131944,4240,0.5280161137730034,1659
550.0549333170568,4608,0.5760175786614582,1662
537.5545518356884,4560,0.5700173955504014,1665
512.5537888729518,4512,0.5620171514023256,1667
406.30054628131944,4240,0.5300161748100223,1669
406.30054628131944,4240,0.5300161748100223,1671
506.3035981322674,4496,0.5620171514023256,1675
406.30054628131944,4240,0.5300161748100223,1677
406.30054628131944,4256,0.5300161748100223,1679
518.8039796136359,4528,0.5660172734763634,1682
412.55073702200383,4240,0.5300161748100223,1684
531.3043610950043,4560,0.5700173955504014,1687
512.5537888729518,4512,0.5640172124393446,1689
406.30054628131944,4240,0.5300161748100223,1691
531.3043610950043,4560,0.5700173955504014,1693
506.3035981322674,4496,0.5620171514023256,1696
406.30054628131944,4240,0.5300161748100223,1698
406.30054628131944,4256,0.5320162358470413,1700
512.5537888729518,4496,0.5640172124393446,1703
406.30054628131944,4240,0.5300161748100223,1705
400.05035554063573,4240,0.5300161748100223,1707
518.8039796136359,4528,0.5660172734763634,1710
406.30054628131944,4240,0.5300161748100223,1712
406.30054628131944,4240,0.5300161748100223,1714
512.5537888729518,4512,0.5640172124393446,1717
406.30054628131944,4240,0.5300161748100223,1719
406.30054628131944,4240,0.5300161748100223,1721
525.0541703543203,4544,0.5680173345133824,1723
512.5537888729518,4512,0.5640172124393446,1726
412.55073702200383,4240,0.5320162358470413,1728
406.30054628131944,4240,0.5300161748100223,1730
518.8039796136359,4528,0.5660172734763634,1732
512.5537888729518,4512,0.5640172124393446,1735
406.30054628131944,4240,0.5300161748100223,1740
512.5537888729518,4512,0.5640172124393446,1742
518.8039796136359,4512,0.5640172124393446,1745
412.55073702200383,4256,0.5320162358470413,1747
512.5537888729518,4512,0.5640172124393446,1749
406.30054628131944,4240,0.5300161748100223,1752
406.30054628131944,4256,0.5300161748100223,1754
512.5537888729518,4512,0.5660172734763634,1756
512.5537888729518,4512,0.5620171514023256,1759
406.30054628131944,4240,0.5300161748100223,1761
512.5537888729518,4528,0.5640172124393446,1763
512.5537888729518,4512,0.5640172124393446,1766
406.30054628131944,4240,0.5300161748100223,1768
512.5537888729518,4512,0.5640172124393446,1770
406.30054628131944,4240,0.5280161137730034,1773
412.55073702200383,4256,0.5320162358470413,1775
512.5537888729518,4512,0.5640172124393446,1778
412.55073702200383,4256,0.5300161748100223,1780
531.3043610950043,4560,0.5700173955504014,1782
412.55073702200383,4256,0.5320162358470413,1785
518.8039796136359,4544,0.5680173345133824,1787
506.3035981322674,4496,0.5620171514023256,1789
406.30054628131944,4240,0.5300161748100223,1792
518.8039796136359,4544,0.5680173345133824,1794
400.05035554063573,4240,0.5300161748100223,1797
406.30054628131944,4240,0.5300161748100223,1799
512.5537888729518,4512,0.5640172124393446,1801
512.5537888729518,4528,0.5660172734763634,1803
412.55073702200383,4256,0.5320162358470413,1806
418.8009277626879,4272,0.5340162968840602,1808
406.30054628131944,4240,0.5300161748100223,1814
406.30054628131944,4240,0.5300161748100223,1816
512.5537888729518,4496,0.5640172124393446,1818
406.30054628131944,4240,0.5300161748100223,1820
406.30054628131944,4240,0.5300161748100223,1823
518.8039796136359,4528,0.5660172734763634,1825
412.55073702200383,4256,0.5320162358470413,1827
550.0549333170568,4608,0.5780176396984771,1830
512.5537888729518,4512,0.5660172734763634,1832
450.05188146610953,4496,0.5640172124393446,1834
406.30054628131944,4240,0.5300161748100223,1837
506.3035981322674,4512,0.5620171514023256,1839
512.5537888729518,4512,0.5640172124393446,1845
512.5537888729518,4512,0.5640172124393446,1847
406.30054628131944,4240,0.5300161748100223,1850
518.8039796136359,4528,0.5660172734763634,1852
506.3035981322674,4496,0.5620171514023256,1854
406.30054628131944,4240,0.5300161748100223,1856
406.30054628131944,4240,0.5300161748100223,1859
512.5537888729518,4512,0.5640172124393446,1861
512.5537888729518,4512,0.5640172124393446,1863
406.30054628131944,4240,0.5300161748100223,1865
406.30054628131944,4240,0.5300161748100223,1871
406.30054628131944,4240,0.5300161748100223,1877
518.8039796136359,4528,0.5660172734763634,1879
412.55073702200383,4256,0.5300161748100223,1881
406.30054628131944,4240,0.5300161748100223,1884
512.5537888729518,4512,0.5640172124393446,1886
406.30054628131944,4240,0.5320162358470413,1888
400.05035554063573,4224,0.5280161137730034,1891
400.05035554063573,4240,0.5300161748100223,1893
412.55073702200383,4240,0.5300161748100223,1895
512.5537888729518,4512,0.5660172734763634,1898
406.30054628131944,4240,0.5320162358470413,1903
406.30054628131944,4240,0.5300161748100223,1906
512.5537888729518,4512,0.5640172124393446,1908
406.30054628131944,4240,0.5300161748100223,1910
512.5537888729518,4512,0.5640172124393446,1913
406.30054628131944,4224,0.5300161748100223,1915
518.8039796136359,4240,0.5300161748100223,1918
512.5537888729518,4512,0.5620171514023256,1920
406.30054628131944,4240,0.5320162358470413,1922
406.30054628131944,4240,0.5300161748100223,1924
525.0541703543203,4560,0.5680173345133824,1927
512.5537888729518,4512,0.5620171514023256,1929
406.30054628131944,4240,0.5300161748100223,1931
518.8039796136359,4512,0.5660172734763634,1934
512.5537888729518,4512,0.5640172124393446,1936
406.30054628131944,4240,0.5300161748100223,1938
531.3043610950043,4560,0.5720174565874203,1941
506.3035981322674,4496,0.5620171514023256,1943
400.05035554063573,4240,0.5300161748100223,1945
537.5545518356884,4576,0.5700173955504014,1947
506.3035981322674,4512,0.5640172124393446,1950
406.30054628131944,4240,0.5300161748100223,1952
406.30054628131944,4240,0.5300161748100223,1954
512.5537888729518,4528,0.5640172124393446,1960
406.30054628131944,4240,0.5300161748100223,1962
406.30054628131944,4240,0.5300161748100223,1964
518.8039796136359,4528,0.5640172124393446,1967
512.5537888729518,4512,0.5640172124393446,1970
512.5537888729518,4496,0.5640172124393446,1972
406.30054628131944,4240,0.5300161748100223,1974
556.3051240577408,4608,0.5760175786614582,1976
506.3035981322674,4512,0.5640172124393446,1979
406.30054628131944,4240,0.5300161748100223,1981
406.30054628131944,4240,0.5300161748100223,1983
512.5537888729518,4512,0.5640172124393446,1985
406.30054628131944,4240,0.5320162358470413,1988
406.30054628131944,4256,0.5300161748100223,1990
525.0541703543203,4544,0.5680173345133824,1992
512.5537888729518,4512,0.5620171514023256,1995
406.30054628131944,4256,0.5300161748100223,1997
406.30054628131944,4240,0.5300161748100223,1999
506.3035981322674,4496,0.5620171514023256,2002
406.30054628131944,4240,0.5300161748100223,2004
406.30054628131944,4240,0.5300161748100223,2006
512.5537888729518,4496,0.5640172124393446,2008
412.55073702200383,4256,0.5300161748100223,2011
406.30054628131944,4256,0.5320162358470413,2013
531.3043610950043,4576,0.5720174565874203,2015
512.5537888729518,4512,0.5640172124393446,2018
406.30054628131944,4240,0.5300161748100223,2020
556.3051240577408,4624,0.5780176396984771,2022
518.8039796136359,4528,0.5660172734763634,2024
406.30054628131944,4240,0.5300161748100223,2027
543.8047425763727,4592,0.5740175176244393,2029
512.5537888729518,4512,0.5640172124393446,2032
406.30054628131944,4240,0.5300161748100223,2035
400.05035554063573,4224,0.5300161748100223,2037
525.0541703543203,4544,0.5680173345133824,2039
512.5537888729518,4512,0.5620171514023256,2041
406.30054628131944,4240,0.5300161748100223,2044
531.3043610950043,4560,0.5700173955504014,2046
512.5537888729518,4512,0.5620171514023256,2048
406.30054628131944,4256,0.5300161748100223,2051
406.30054628131944,4240,0.5300161748100223,2053
512.5537888729518,4512,0.5640172124393446,2055
412.55073702200383,4256,0.5340162968840602,2058
537.5545518356884,4576,0.5720174565874203,2060
512.5537888729518,4512,0.5640172124393446,2062
412.55073702200383,4240,0.5300161748100223,2065
412.55073702200383,4240,0.5280161137730034,2067
512.5537888729518,4512,0.5640172124393446,2069
512.5537888729518,4496,0.5620171514023256,2071
406.30054628131944,4256,0.5300161748100223,2074
512.5537888729518,4512,0.5640172124393446,2076
406.30054628131944,4240,0.5300161748100223,2079
406.30054628131944,4240,0.5300161748100223,2081
525.0541703543203,4544,0.5680173345133824,2083
412.55073702200383,4256,0.5300161748100223,2085
412.55073702200383,4240,0.5320162358470413,2088
518.8039796136359,4512,0.5660172734763634,2090
512.5537888729518,4512,0.5640172124393446,2092
406.30054628131944,4256,0.5300161748100223,2095
531.3043610950043,4560,0.5680173345133824,2097
506.3035981322674,4512,0.5620171514023256,2099
406.30054628131944,4240,0.5300161748100223,2101
406.30054628131944,4240,0.5300161748100223,2104
512.5537888729518,4512,0.5640172124393446,2106
406.30054628131944,4240,0.5300161748100223,2108
406.30054628131944,4240,0.5300161748100223,2111
518.8039796136359,4528,0.5660172734763634,2116
512.5537888729518,4512,0.5620171514023256,2118
400.05035554063573,4240,0.5300161748100223,2121
512.5537888729518,4528,0.5640172124393446,2123
406.30054628131944,4240,0.5320162358470413,2125
406.30054628131944,4240,0.5300161748100223,2128
518.8039796136359,4528,0.5660172734763634,2130
512.5537888729518,4512,0.5640172124393446,2132
406.30054628131944,4256,0.5300161748100223,2134
406.30054628131944,4240,0.5300161748100223,2137
406.30054628131944,4240,0.5300161748100223,2139
543.8047425763727,4592,0.5720174565874203,2142
512.5537888729518,4496,0.5640172124393446,2144
406.30054628131944,4240,0.5300161748100223,2146
412.55073702200383,4240,0.5320162358470413,2149
512.5537888729518,4512,0.5640172124393446,2154
406.30054628131944,4240,0.5320162358470413,2156
406.30054628131944,4240,0.5300161748100223,2158
525.0541703543203,4544,0.5680173345133824,2161
406.30054628131944,4240,0.5300161748100223,2163
406.30054628131944,4240,0.5300161748100223,2169
406.30054628131944,4240,0.5300161748100223,2171
512.5537888729518,4512,0.5640172124393446,2175
400.05035554063573,4240,0.5300161748100223,2177
406.30054628131944,4240,0.5300161748100223,2179
518.8039796136359,4528,0.5660172734763634,2185
406.30054628131944,4256,0.5280161137730034,2187
406.30054628131944,4256,0.5300161748100223,2189
512.5537888729518,4512,0.5660172734763634,2192
406.30054628131944,4240,0.5300161748100223,2197
531.3043610950043,4560,0.5700173955504014,2200
512.5537888729518,4512,0.5640172124393446,2202
406.30054628131944,4240,0.5300161748100223,2204
406.30054628131944,4240,0.5320162358470413,2206
512.5537888729518,4512,0.5640172124393446,2209
406.30054628131944,4240,0.5300161748100223,2211
543.8047425763727,4592,0.5720174565874203,2216
512.5537888729518,4528,0.5640172124393446,2222
412.55073702200383,4256,0.5320162358470413,2224
537.5545518356884,4608,0.5740175176244393,2226
412.55073702200383,4240,0.5300161748100223,2230
518.8039796136359,4528,0.5680173345133824,2235
506.3035981322674,4496,0.5620171514023256,2238
406.30054628131944,4240,0.5300161748100223,2240
512.5537888729518,4528,0.5660172734763634,2242
512.5537888729518,4512,0.5640172124393446,2245
412.55073702200383,4240,0.5320162358470413,2247
506.3035981322674,4496,0.5620171514023256,2250
406.30054628131944,4240,0.5280161137730034,2252
406.30054628131944,4240,0.5300161748100223,2254
512.5537888729518,4512,0.5640172124393446,2257
412.55073702200383,4240,0.5300161748100223,2259
512.5537888729518,4512,0.5640172124393446,2262
412.55073702200383,4256,0.5320162358470413,2264
406.30054628131944,4240,0.5300161748100223,2266
525.0541703543203,4544,0.5680173345133824,2268
512.5537888729518,4512,0.5640172124393446,2271
406.30054628131944,4240,0.5300161748100223,2273
406.30054628131944,4240,0.5300161748100223,2276
406.30054628131944,4240,0.5300161748100223,2278
518.8039796136359,4512,0.5660172734763634,2280
406.30054628131944,4240,0.5300161748100223,2283
406.30054628131944,4240,0.5300161748100223,2285
512.5537888729518,4512,0.5640172124393446,2287
406.30054628131944,4240,0.5320162358470413,2290
406.30054628131944,4240,0.5300161748100223,2292
550.0549333170568,4608,0.5760175786614582,2294
512.5537888729518,4512,0.5620171514023256,2296
406.30054628131944,4240,0.5300161748100223,2299
543.8047425763727,4608,0.5740175176244393,2301
512.5537888729518,4512,0.5640172124393446,2303
406.30054628131944,4240,0.5300161748100223,2306
512.5537888729518,4512,0.5640172124393446,2308
406.30054628131944,4256,0.5320162358470413,2311
531.3043610950043,4560,0.5700173955504014,2313
512.5537888729518,4512,0.5640172124393446,2315
406.30054628131944,4240,0.5300161748100223,2318
406.30054628131944,4240,0.5300161748100223,2320
518.8039796136359,4528,0.5660172734763634,2322
518.8039796136359,4528,0.5640172124393446,2324
412.55073702200383,4256,0.5300161748100223,2327
512.5537888729518,4512,0.5640172124393446,2329
406.30054628131944,4256,0.5320162358470413,2332
537.5545518356884,4576,0.5720174565874203,2334
512.5537888729518,4512,0.5640172124393446,2336
406.30054628131944,4240,0.5300161748100223,2339
512.5537888729518,4512,0.5640172124393446,2341
406.30054628131944,4256,0.5320162358470413,2343
406.30054628131944,4240,0.5300161748100223,2346
512.5537888729518,4512,0.5640172124393446,2350
406.30054628131944,4256,0.5300161748100223,2352
518.8039796136359,4512,0.5660172734763634,2354
512.5537888729518,4512,0.5640172124393446,2356
406.30054628131944,4240,0.5300161748100223,2358
406.30054628131944,4240,0.5300161748100223,2361
506.3035981322674,4512,0.5640172124393446,2363
406.30054628131944,4240,0.5300161748100223,2365
406.30054628131944,4240,0.5300161748100223,2368
412.55073702200383,4304,0.5340162968840602,2370
406.30054628131944,4240,0.5320162358470413,2373
537.5545518356884,4560,0.5720174565874203,2375
512.5537888729518,4512,0.5640172124393446,2377
406.30054628131944,4240,0.5300161748100223,2379
406.30054628131944,4240,0.5300161748100223,2382
518.8039796136359,4528,0.5640172124393446,2384
512.5537888729518,4528,0.5640172124393446,2386
406.30054628131944,4240,0.5300161748100223,2389
512.5537888729518,4512,0.5640172124393446,2391
406.30054628131944,4240,0.5300161748100223,2394
518.8039796136359,4528,0.5660172734763634,2396
406.30054628131944,4336,0.5300161748100223,2398
412.55073702200383,4240,0.5300161748100223,2401
518.8039796136359,4528,0.5660172734763634,2404
406.30054628131944,4256,0.5300161748100223,2406
543.8047425763727,4592,0.5740175176244393,2409
506.3035981322674,4512,0.5640172124393446,2411
406.30054628131944,4240,0.5300161748100223,2413
537.5545518356884,4576,0.5720174565874203,2416
512.5537888729518,4512,0.5640172124393446,2418
412.55073702200383,4256,0.5320162358470413,2420
406.30054628131944,4240,0.5300161748100223,2422
512.5537888729518,4512,0.5640172124393446,2425
406.30054628131944,4240,0.5320162358470413,2427
412.55073702200383,4240,0.5300161748100223,2429
512.5537888729518,4512,0.5640172124393446,2432
418.8009277626879,4512,0.5480167241431929,2434
406.30054628131944,4240,0.5300161748100223,2436
512.5537888729518,4512,0.5640172124393446,2439
412.55073702200383,4240,0.5320162358470413,2441
406.30054628131944,4240,0.5320162358470413,2444
412.55073702200383,4320,0.5340162968840602,2446
406.30054628131944,4240,0.5300161748100223,2448
406.30054628131944,4240,0.5320162358470413,2450
512.5537888729518,4512,0.5620171514023256,2456
400.05035554063573,4240,0.5300161748100223,2458
525.0541703543203,4560,0.5700173955504014,2460
406.30054628131944,4240,0.5280161137730034,2463
406.30054628131944,4240,0.5300161748100223,2465
518.8039796136359,4528,0.5640172124393446,2468
406.30054628131944,4240,0.5300161748100223,2470
550.0549333170568,4608,0.5760175786614582,2472
512.5537888729518,4512,0.5620171514023256,2475
400.05035554063573,4240,0.5300161748100223,2477
406.30054628131944,4256,0.5300161748100223,2479
512.5537888729518,4512,0.5640172124393446,2482
512.5537888729518,4512,0.5640172124393446,2484
418.8009277626879,4272,0.5340162968840602,2486
537.5545518356884,4576,0.5700173955504014,2488
412.55073702200383,4240,0.5300161748100223,2491
412.55073702200383,4240,0.5320162358470413,2493
512.5537888729518,4528,0.5640172124393446,2495
412.55073702200383,4240,0.5320162358470413,2498
518.8039796136359,4528,0.5660172734763634,2503
518.8039796136359,4528,0.5660172734763634,2506
412.55073702200383,4256,0.5320162358470413,2508
406.30054628131944,4240,0.5300161748100223,2510
512.5537888729518,4512,0.5640172124393446,2513
406.30054628131944,4240,0.5300161748100223,2515
543.8047425763727,4608,0.5740175176244393,2517
518.8039796136359,4528,0.5640172124393446,2520
412.55073702200383,4256,0.5320162358470413,2522
412.55073702200383,4256,0.5300161748100223,2524
512.5537888729518,4512,0.5640172124393446,2527
406.30054628131944,4240,0.5300161748100223,2529
518.8039796136359,4512,0.5640172124393446,2531
412.55073702200383,4240,0.5300161748100223,2534
406.30054628131944,4256,0.5300161748100223,2536
518.8039796136359,4512,0.5640172124393446,2538
412.55073702200383,4240,0.5300161748100223,2541
412.55073702200383,4256,0.5320162358470413,2543
512.5537888729518,4496,0.5640172124393446,2545
406.30054628131944,4240,0.5300161748100223,2551
518.8039796136359,4528,0.5660172734763634,2553
512.5537888729518,4496,0.5620171514023256,2556
406.30054628131944,4240,0.5300161748100223,2559
525.0541703543203,4544,0.5680173345133824,2561
512.5537888729518,4512,0.5640172124393446,2563
406.30054628131944,4256,0.5300161748100223,2566
556.3051240577408,4640,0.5800177007354961,2568
512.5537888729518,4512,0.5640172124393446,2570
406.30054628131944,4256,0.5320162358470413,2573
556.3051240577408,4608,0.5780176396984771,2575
512.5537888729518,4512,0.5640172124393446,2577
406.30054628131944,4240,0.5300161748100223,2583
406.30054628131944,4240,0.5300161748100223,2585
512.5537888729518,4528,0.5640172124393446,2587
512.5537888729518,4512,0.5640172124393446,2589
412.55073702200383,4256,0.5320162358470413,2592
525.0541703543203,4560,0.5680173345133824,2594
512.5537888729518,4512,0.5640172124393446,2596
406.30054628131944,4256,0.5300161748100223,2599
525.0541703543203,4544,0.5660172734763634,2601
406.30054628131944,4240,0.5300161748100223,2603
406.30054628131944,4240,0.5320162358470413,2606
518.8039796136359,4528,0.5640172124393446,2611
412.55073702200383,4240,0.5300161748100223,2613
406.30054628131944,4240,0.5300161748100223,2616
531.3043610950043,4560,0.5700173955504014,2618
418.8009277626879,4272,0.5340162968840602,2621
525.0541703543203,4528,0.5660172734763634,2623
412.55073702200383,4272,0.5340162968840602,2626
418.8009277626879,4272,0.5340162968840602,2632
525.0541703543203,4544,0.5680173345133824,2637
418.8009277626879,4288,0.5340162968840602,2640
550.0549333170568,4624,0.5780176396984771,2642
531.3043610950043,4560,0.5700173955504014,2644
562.5553147984252,4624,0.5800177007354961,2647
425.0511185033723,4288,0.5360163579210792,2649
425.0511185033723,4272,0.5340162968840602,2652
537.5545518356884,4576,0.5700173955504014,2654
431.3013092440567,4272,0.5360163579210792,2659
425.0511185033723,4256,0.5320162358470413,2662
525.0541703543203,4544,0.5680173345133824,2664
425.0511185033723,4288,0.5360163579210792,2666
412.55073702200383,4272,0.5320162358470413,2669
531.3043610950043,4576,0.5700173955504014,2671
518.8039796136359,4528,0.5660172734763634,2673
418.8009277626879,4288,0.5340162968840602,2675
425.0511185033723,4272,0.5340162968840602,2679
412.55073702200383,4256,0.5320162358470413,2681
431.3013092440567,4288,0.5380164189580982,2684
537.5545518356884,4576,0.5720174565874203,2686
425.0511185033723,4304,0.5360163579210792,2688
418.8009277626879,4272,0.5340162968840602,2691
531.3043610950043,4560,0.5700173955504014,2693
425.0511185033723,4304,0.5360163579210792,2695
562.5553147984252,4656,0.582017761772515,2698
537.5545518356884,4576,0.5720174565874203,2701
556.3051240577408,4624,0.5780176396984771,2704
425.0511185033723,4288,0.5360163579210792,2709
425.0511185033723,4288,0.5360163579210792,2711
531.3043610950043,4560,0.5700173955504014,2714
425.0511185033723,4288,0.5360163579210792,2716
525.0541703543203,4544,0.5680173345133824,2719
431.3013092440567,4288,0.5380164189580982,2721
531.3043610950043,4560,0.5700173955504014,2724
431.3013092440567,4304,0.5380164189580982,2726
431.3013092440567,4304,0.5380164189580982,2728
537.5545518356884,4576,0.5720174565874203,2731
431.3013092440567,4304,0.5380164189580982,2733
425.0511185033723,4304,0.5380164189580982,2735
425.0511185033723,4304,0.5380164189580982,2738
431.3013092440567,4288,0.5360163579210792,2740
425.0511185033723,4304,0.5360163579210792,2746
518.8039796136359,4560,0.5700173955504014,2749
431.3013092440567,4304,0.5380164189580982,2754
531.3043610950043,4576,0.5720174565874203,2757
425.0511185033723,4304,0.5360163579210792,2759
531.3043610950043,4560,0.5680173345133824,2762
425.0511185033723,4256,0.5340162968840602,2764
537.5545518356884,4576,0.5720174565874203,2766
531.3043610950043,4544,0.5700173955504014,2769
431.3013092440567,4288,0.5360163579210792,2771
543.8047425763727,4592,0.5720174565874203,2774
425.0511185033723,4288,0.5360163579210792,2776
531.3043610950043,4576,0.5720174565874203,2778
525.0541703543203,4512,0.5680173345133824,2781
425.0511185033723,4288,0.5360163579210792,2783
412.55073702200383,4256,0.5320162358470413,2789
531.3043610950043,4560,0.5700173955504014,2791
512.5537888729518,4528,0.5660172734763634,2794
543.8047425763727,4608,0.5740175176244393,2799
512.5537888729518,4528,0.5640172124393446,2802
412.55073702200383,4272,0.5320162358470413,2804
525.0541703543203,4544,0.5680173345133824,2806
512.5537888729518,4512,0.5640172124393446,2809
412.55073702200383,4256,0.5300161748100223,2812
518.8039796136359,4528,0.5660172734763634,2814
512.5537888729518,4512,0.5640172124393446,2817
543.8047425763727,4608,0.5740175176244393,2819
518.8039796136359,4512,0.5640172124393446,2821
406.30054628131944,4240,0.5300161748100223,2824
512.5537888729518,4512,0.5660172734763634,2826
406.30054628131944,4240,0.5300161748100223,2829
543.8047425763727,4608,0.5760175786614582,2831
512.5537888729518,4512,0.5660172734763634,2833
412.55073702200383,4240,0.5320162358470413,2836
412.55073702200383,4272,0.5340162968840602,2838
512.5537888729518,4512,0.5640172124393446,2840
550.0549333170568,4608,0.5760175786614582,2843
512.5537888729518,4512,0.5640172124393446,2845
406.30054628131944,4240,0.5300161748100223,2851
512.5537888729518,4512,0.5640172124393446,2853
412.55073702200383,4256,0.5320162358470413,2855
412.55073702200383,4256,0.5320162358470413,2858
412.55073702200383,4256,0.5320162358470413,2864
512.5537888729518,4512,0.5660172734763634,2866
412.55073702200383,4240,0.5320162358470413,2869
512.5537888729518,4528,0.5660172734763634,2871
412.55073702200383,4240,0.5320162358470413,2875
512.5537888729518,4512,0.5640172124393446,2877
412.55073702200383,4256,0.5320162358470413,2880
512.5537888729518,4512,0.5640172124393446,2882
406.30054628131944,4256,0.5320162358470413,2886
412.55073702200383,4240,0.5300161748100223,2889
512.5537888729518,4528,0.5660172734763634,2891
512.5537888729518,4512,0.5640172124393446,2893
518.8039796136359,4544,0.5680173345133824,2899
412.55073702200383,4528,0.5660172734763634,2905
412.55073702200383,4256,0.5320162358470413,2908
518.8039796136359,4528,0.5660172734763634,2910
512.5537888729518,4512,0.5640172124393446,2912
406.30054628131944,4240,0.5300161748100223,2914
512.5537888729518,4512,0.5640172124393446,2917
412.55073702200383,4256,0.5320162358470413,2919
518.8039796136359,4512,0.5640172124393446,2925
412.55073702200383,4256,0.5300161748100223,2927
543.8047425763727,4608,0.5740175176244393,2930
412.55073702200383,4240,0.5320162358470413,2935
412.55073702200383,4256,0.5320162358470413,2937
556.3051240577408,4608,0.5760175786614582,2943
512.5537888729518,4528,0.5620171514023256,2945
406.30054628131944,4224,0.5300161748100223,2947
512.5537888729518,4512,0.5640172124393446,2953
406.30054628131944,4256,0.5320162358470413,2955
525.0541703543203,4544,0.5680173345133824,2958
512.5537888729518,4512,0.5660172734763634,2960
518.8039796136359,4512,0.5660172734763634,2966
406.30054628131944,4240,0.5300161748100223,2968
512.5537888729518,4512,0.5640172124393446,2971
406.30054628131944,4256,0.5300161748100223,2973
406.30054628131944,4240,0.5300161748100223,2975
512.5537888729518,4512,0.5620171514023256,2978
412.55073702200383,4256,0.5300161748100223,2980
550.0549333170568,4624,0.5780176396984771,2982
518.8039796136359,4528,0.5660172734763634,2988
412.55073702200383,4256,0.5320162358470413,2990
518.8039796136359,4528,0.5660172734763634,2993
412.55073702200383,4256,0.5320162358470413,2995
550.0549333170568,4624,0.5780176396984771,2997
512.5537888729518,4512,0.5640172124393446,3000
412.55073702200383,4256,0.5320162358470413,3002
537.5545518356884,4576,0.5720174565874203,3004
412.55073702200383,4256,0.5320162358470413,3007
556.3051240577408,4624,0.5780176396984771,3009
406.30054628131944,4240,0.5300161748100223,3012
412.55073702200383,4256,0.5320162358470413,3014
512.5537888729518,4528,0.5660172734763634,3016
406.30054628131944,4256,0.5300161748100223,3019
518.8039796136359,4528,0.5660172734763634,3021
412.55073702200383,4256,0.5320162358470413,3024
412.55073702200383,4256,0.5300161748100223,3026
518.8039796136359,4528,0.5660172734763634,3028
412.55073702200383,4256,0.5320162358470413,3031
412.55073702200383,4256,0.5320162358470413,3033
518.8039796136359,4512,0.5660172734763634,3035
406.30054628131944,4240,0.5300161748100223,3041
518.8039796136359,4512,0.5640172124393446,3043
443.80169072542515,4512,0.5640172124393446,3046
406.30054628131944,4272,0.5320162358470413,3048
518.8039796136359,4528,0.5660172734763634,3050
412.55073702200383,4256,0.5340162968840602,3053
556.3051240577408,4624,0.5780176396984771,3055
512.5537888729518,4528,0.5640172124393446,3057
412.55073702200383,4256,0.5320162358470413,3060
406.30054628131944,4240,0.5300161748100223,3062
512.5537888729518,4528,0.5640172124393446,3064
412.55073702200383,4256,0.5320162358470413,3067
518.8039796136359,4512,0.5660172734763634,3069
412.55073702200383,4240,0.5320162358470413,3072
412.55073702200383,4256,0.5320162358470413,3074
518.8039796136359,4528,0.5640172124393446,3076
412.55073702200383,4240,0.5320162358470413,3079
412.55073702200383,4256,0.5320162358470413,3081
512.5537888729518,4512,0.5640172124393446,3083
425.0511185033723,4272,0.5340162968840602,3089
537.5545518356884,4560,0.5720174565874203,3091
525.0541703543203,4528,0.5680173345133824,3093
568.8055055391093,4640,0.5800177007354961,3099
531.3043610950043,4560,0.5700173955504014,3101
425.0511185033723,4288,0.5360163579210792,3104
562.5553147984252,4672,0.5800177007354961,3106
537.5545518356884,4576,0.5720174565874203,3109
531.3043610950043,4560,0.5680173345133824,3114
431.3013092440567,4272,0.5360163579210792,3117
537.5545518356884,4560,0.5720174565874203,3119
431.3013092440567,4304,0.5380164189580982,3121
431.3013092440567,4304,0.5380164189580982,3124
525.0541703543203,4544,0.5680173345133824,3129
418.8009277626879,4288,0.5340162968840602,3131
562.5553147984252,4624,0.5780176396984771,3134
531.3043610950043,4560,0.5680173345133824,3136
418.8009277626879,4256,0.5320162358470413,3138
425.0511185033723,4288,0.5360163579210792,3141
425.0511185033723,4272,0.5340162968840602,3146
418.8009277626879,4288,0.5320162358470413,3149
531.3043610950043,4560,0.5700173955504014,3151
431.3013092440567,4288,0.5360163579210792,3153
431.3013092440567,4304,0.5380164189580982,3156
431.3013092440567,4304,0.5380164189580982,3161
531.3043610950043,4544,0.5680173345133824,3164
431.3013092440567,4304,0.5380164189580982,3166
425.0511185033723,4304,0.5380164189580982,3169
425.0511185033723,4320,0.5380164189580982,3175
437.55149998474076,4304,0.540016479995117,3180
531.3043610950043,4576,0.5700173955504014,3183
425.0511185033723,4304,0.5360163579210792,3185
425.0511185033723,4288,0.5340162968840602,3191
525.0541703543203,4544,0.5700173955504014,3194
437.55149998474076,4320,0.540016479995117,3196
437.55149998474076,4304,0.5380164189580982,3198
537.5545518356884,4560,0.5720174565874203,3201
425.0511185033723,4272,0.5340162968840602,3207
431.3013092440567,4304,0.5380164189580982,3209
568.8055055391093,4672,0.582017761772515,3212
531.3043610950043,4576,0.5700173955504014,3214
531.3043610950043,4560,0.5720174565874203,3220
418.8009277626879,4272,0.5340162968840602,3222
425.0511185033723,4272,0.5360163579210792,3224
531.3043610950043,4544,0.5680173345133824,3227
418.8009277626879,4272,0.5340162968840602,3229
518.8039796136359,4544,0.5680173345133824,3232
418.8009277626879,4304,0.5360163579210792,3234
556.3051240577408,4640,0.5780176396984771,3236
525.0541703543203,4544,0.5680173345133824,3239
412.55073702200383,4256,0.5340162968840602,3241
556.3051240577408,4624,0.5760175786614582,3243
525.0541703543203,4560,0.5680173345133824,3246
425.0511185033723,4256,0.5340162968840602,3248
562.5553147984252,4592,0.5800177007354961,3250
425.0511185033723,4272,0.5360163579210792,3253
425.0511185033723,4256,0.5340162968840602,3255
525.0541703543203,4544,0.5680173345133824,3257
418.8009277626879,4272,0.5340162968840602,3263
562.5553147984252,4640,0.5780176396984771,3265
525.0541703543203,4544,0.5680173345133824,3268
431.3013092440567,4288,0.5380164189580982,3273
543.8047425763727,4608,0.5760175786614582,3275
425.0511185033723,4288,0.5360163579210792,3278
537.5545518356884,4592,0.5720174565874203,3280
525.0541703543203,4560,0.5680173345133824,3283
425.0511185033723,4288,0.5360163579210792,3288
531.3043610950043,4560,0.5680173345133824,3290
425.0511185033723,4272,0.5360163579210792,3293
518.8039796136359,4544,0.5660172734763634,3300
431.3013092440567,4272,0.5360163579210792,3302
531.3043610950043,4560,0.5680173345133824,3304
425.0511185033723,4288,0.5360163579210792,3307
543.8047425763727,4608,0.5760175786614582,3309
431.3013092440567,4288,0.5360163579210792,3312
425.0511185033723,4304,0.5360163579210792,3314
550.0549333170568,4608,0.5760175786614582,3316
531.3043610950043,4544,0.5720174565874203,3318
418.8009277626879,4272,0.5340162968840602,3321
525.0541703543203,4560,0.5680173345133824,3327
550.0549333170568,4592,0.5740175176244393,3329
512.5537888729518,4528,0.5660172734763634,3331
418.8009277626879,4288,0.5340162968840602,3334
531.3043610950043,4576,0.5720174565874203,3336
412.55073702200383,4272,0.5320162358470413,3339
531.3043610950043,4544,0.5700173955504014,3341
425.0511185033723,4272,0.5360163579210792,3345
418.8009277626879,4256,0.5340162968840602,3347
537.5545518356884,4576,0.5720174565874203,3349
418.8009277626879,4288,0.5340162968840602,3352
550.0549333170568,4608,0.5740175176244393,3354
431.3013092440567,4304,0.5380164189580982,3360
425.0511185033723,4288,0.5360163579210792,3362
531.3043610950043,4544,0.5680173345133824,3364
425.0511185033723,4272,0.5340162968840602,3367
525.0541703543203,4544,0.5680173345133824,3369
418.8009277626879,4272,0.5340162968840602,3371
418.8009277626879,4272,0.5340162968840602,3374
525.0541703543203,4544,0.5680173345133824,3376
525.0541703543203,4544,0.5680173345133824,3378
412.55073702200383,4256,0.5320162358470413,3381
556.3051240577408,4624,0.5780176396984771,3386
525.0541703543203,4560,0.5680173345133824,3388
412.55073702200383,4272,0.5320162358470413,3391
525.0541703543203,4544,0.5660172734763634,3393
425.0511185033723,4288,0.5360163579210792,3395
418.8009277626879,4272,0.5340162968840602,3398
525.0541703543203,4544,0.5680173345133824,3401
412.55073702200383,4272,0.5320162358470413,3407
537.5545518356884,4576,0.5720174565874203,3410
412.55073702200383,4256,0.5320162358470413,3412
431.3013092440567,4288,0.5340162968840602,3415
518.8039796136359,4528,0.5660172734763634,3417
418.8009277626879,4272,0.5340162968840602,3420
418.8009277626879,4304,0.5320162358470413,3422
418.8009277626879,4288,0.5340162968840602,3424
512.5537888729518,4528,0.5660172734763634,3431
537.5545518356884,4576,0.5720174565874203,3434
518.8039796136359,4528,0.5660172734763634,3436
425.0511185033723,4288,0.5360163579210792,3439
412.55073702200383,4256,0.5320162358470413,3444
537.5545518356884,4576,0.5740175176244393,3447
425.0511185033723,4288,0.5360163579210792,3449
425.0511185033723,4272,0.5320162358470413,3452
531.3043610950043,4560,0.5680173345133824,3454
418.8009277626879,4272,0.5340162968840602,3459
512.5537888729518,4528,0.5660172734763634,3462
412.55073702200383,4256,0.5340162968840602,3464
543.8047425763727,4592,0.5740175176244393,3467
525.0541703543203,4544,0.5680173345133824,3469
418.8009277626879,4272,0.5340162968840602,3472
525.0541703543203,4544,0.5680173345133824,3475
412.55073702200383,4272,0.5340162968840602,3477
525.0541703543203,4544,0.5680173345133824,3480
412.55073702200383,4256,0.5320162358470413,3482
412.55073702200383,4240,0.5320162358470413,3485
425.0511185033723,4272,0.5360163579210792,3487
525.0541703543203,4544,0.5680173345133824,3490
418.8009277626879,4272,0.5340162968840602,3492
525.0541703543203,4528,0.5660172734763634,3495
418.8009277626879,4288,0.5340162968840602,3497
531.3043610950043,4544,0.5700173955504014,3500
543.8047425763727,4560,0.5700173955504014,3506
425.0511185033723,4288,0.5360163579210792,3508
418.8009277626879,4288,0.5340162968840602,3510
518.8039796136359,4544,0.5680173345133824,3513
425.0511185033723,4288,0.5360163579210792,3515
425.0511185033723,4288,0.5360163579210792,3517
425.0511185033723,4288,0.5360163579210792,3520
568.8055055391093,4656,0.582017761772515,3522
425.0511185033723,4288,0.5360163579210792,3525
425.0511185033723,4304,0.5360163579210792,3527
525.0541703543203,4560,0.5680173345133824,3530
425.0511185033723,4304,0.5360163579210792,3532
525.0541703543203,4560,0.5700173955504014,3535
431.3013092440567,4288,0.5380164189580982,3537
537.5545518356884,4576,0.5740175176244393,3539
425.0511185033723,4288,0.5360163579210792,3545
425.0511185033723,4288,0.5360163579210792,3547
525.0541703543203,4528,0.5680173345133824,3550
531.3043610950043,4560,0.5700173955504014,3552
525.0541703543203,4544,0.5680173345133824,3555
425.0511185033723,4288,0.5360163579210792,3557
550.0549333170568,4592,0.5740175176244393,3559
425.0511185033723,4288,0.5360163579210792,3562
543.8047425763727,4608,0.5740175176244393,3564
425.0511185033723,4288,0.5360163579210792,3567
568.8055055391093,4656,0.5800177007354961,3569
431.3013092440567,4288,0.5380164189580982,3572
431.3013092440567,4272,0.5360163579210792,3574
418.8009277626879,4288,0.5360163579210792,3577
431.3013092440567,4304,0.5380164189580982,3579
550.0549333170568,4624,0.5760175786614582,3581
531.3043610950043,4560,0.5700173955504014,3583
425.0511185033723,4288,0.5360163579210792,3586
425.0511185033723,4288,0.5360163579210792,3588
537.5545518356884,4576,0.5720174565874203,3593
425.0511185033723,4320,0.5380164189580982,3599
